﻿Designator,Footprint,Quantity,Value,LCSC Part #
C1,0402,1,10nF,
"C2, C3",0402,2,10uF,
D1,DS9503P+,1,DS9503P+,C124131
D2,SOT-23,1,BAT54C,C2135
D3,SR70.TCT(C512378),1,SR70.TCT,C512378
J1,PinHeader_1x10_P2.54mm_Horizontal,1,REG1_App_Connector,C706873
"J10, J20","PhoenixContact_MC_1,5_6-G-3.5_1x06_P3.50mm_Horizontal",2,Conn_01x06,C441175
Q1,SOT-23,1,BSS84,C8492
"R1, R3",0402,2,10K,
U1,SOIC-8_3.9x4.9mm_P1.27mm,1,ISO1541,C143028
U2,SOT-23-5,1,MIC2090-1YM5,C625685
U3,DS2484R+T,1,DS2484R+T,C124886
U4,F0505S-1W (C4153687),1,F0505S-1W_C4153687,C4153687
U6,TCLT1000 (C110644),1,TCLT1000,C110644
