﻿Designator,Footprint,Quantity,Value,LCSC Part #
"C1, C5, C6",0402,3,100nF,
"C2, C3",0402,2,10uF,
"C4, C7",0402,2,10uF/6.3V,
"C8, C9",0402,2,"0,1uF",
D1,DS9503P+,1,DS9503P+,C124131
D2,D_SOD-323,1,1N5819WS,C191023
D3,SR70.TCT(C512378),1,SR70.TCT,C512378
J1,PinHeader_1x10_P2.54mm_Horizontal,1,REG1_App_Connector,C706873
"J10, J20","PhoenixContact_MC_1,5_6-G-3.5_1x06_P3.50mm_Horizontal",2,Conn_01x06,C441175
"R1, R13, R3",0402,3,10K,
"R11, R12, R5, R6",0402,4,"1,5K",
U10,SOIC-16W_7.5x10.3mm_P1.27mm,1,ISO1644DWR,C5216232
U2,SOT-23-5,1,MIC2090-1YM5,C625685
U3,DS2484R+T,1,DS2484R+T,C124886
U8,CA-IS3115AW (C20598894),1,CA-IS3115AW,C20598894
